#10 MySQL常用语句

###10.1 考勤记录

attendance表保存了员工每次打指纹机的时间。

attendance表记录如下：
```SQL
MariaDB [test]> select * from attendance;
+----+---------------------+---------+
| id | check_time          | user_id |
+----+---------------------+---------+
|  1 | 2016-12-10 15:54:55 |       1 |
|  2 | 2016-12-10 10:55:15 |       1 |
|  3 | 2016-12-10 05:56:19 |       2 |
|  4 | 2016-12-10 15:56:38 |       2 |
|  5 | 2016-12-10 07:57:15 |       3 |
|  6 | 2016-12-10 22:57:29 |       3 |
|  7 | 2016-12-11 00:55:05 |       3 |
|  8 | 2016-12-11 10:58:23 |       1 |
|  9 | 2016-12-11 16:00:15 |       1 |
| 10 | 2016-12-11 23:07:21 |       3 |
+----+---------------------+---------+
10 rows in set (0.00 sec)
```

统计员工每天的上下班时间以及上班时长。
```SQL
MariaDB [test]> 
select 
	user_id, 
	left(check_time, 10) as date, 
	min(check_time) as check_in, 
	max(check_time) as check_out, 
	time_to_sec(max(check_time))-time_to_sec(min(check_time)) as duration 
from attendance 
	group by user_id, left(check_time, 10);
+---------+------------+---------------------+---------------------+----------+
| user_id | date       | check_in            | check_out           | duration |
+---------+------------+---------------------+---------------------+----------+
|       1 | 2016-12-10 | 2016-12-10 10:55:15 | 2016-12-10 15:54:55 |    17980 |
|       1 | 2016-12-11 | 2016-12-11 10:58:23 | 2016-12-11 16:00:15 |    18112 |
|       2 | 2016-12-10 | 2016-12-10 05:56:19 | 2016-12-10 15:56:38 |    36019 |
|       3 | 2016-12-10 | 2016-12-10 07:57:15 | 2016-12-10 22:57:29 |    54014 |
|       3 | 2016-12-11 | 2016-12-11 00:55:05 | 2016-12-11 23:07:21 |    79936 |
+---------+------------+---------------------+---------------------+----------+
5 rows in set (0.00 sec)
```

统计员工每个月的上班时长：
```SQL
MariaDB [test]> 
select 
	user_id,
	left(date,7) as date, 
	sum(duration) as total 
	from (
		select 
			user_id, 
			left(check_time, 10) as date, 
			time_to_sec(max(check_time))-time_to_sec(min(check_time)) as duration 
		from attendance 
			group by user_id, 
			left(check_time, 10)
	) as rs 
group by user_id,left(date,7);
+---------+--------------+--------+
| user_id | date         | total  |
+---------+--------------+--------+
|       1 | 2016-12      |  36092 |
|       2 | 2016-12      |  36019 |
|       3 | 2016-12      | 133950 |
+---------+--------------+--------+
3 rows in set (0.00 sec)
```